"user_id","interested_in_politics","preferred_party","likelihood_of_voting","voting_for_today","preferred_party_details","liberal_or_conservative","survey.month","did_vote_in_election","not_voted_preferred_candidate","voted_preferred_candidate","approve_obama_president","approve_congress","approve_obama_economy"
55,"Very interested","Independent","I will most likely vote","Probably John McCain","Republican Party","Slightly conservative","2008.09",,,,,,
36,"Slightly interested","Republican","I don't know whether or not I will vote","Definitely John McCain","Strong Republican","Conservative","2008.09",,,,,,
39,"Somewhat interested","Democrat",,"Probably Barack Obama","Not very strong Democrat","Slightly liberal","2008.09",,,,,,
37,"Not at all interested","Democrat","I will most likely not vote","Probably Barack Obama","Not very strong Democrat","Extremely liberal","2008.09",,,,,,
72,"Very interested","Democrat","I will definitely vote","Definitely Barack Obama","Strong Democrat","Liberal","2008.09",,,,,,
11,"Slightly interested","Democrat","I don't know whether or not I will vote","Definitely Barack Obama","Not very strong Democrat","Moderate middle of the road","2008.09",,,,,,
63,"Somewhat interested","Republican","I will definitely vote","Definitely John McCain","Strong Republican","Slightly conservative","2008.09",,,,,,
21,"Somewhat interested","Republican","I will most likely vote","Definitely John McCain","Not very strong Republican","Slightly conservative","2008.09",,,,,,
59,"Somewhat interested","Independent","I will most likely vote","Undecided","Democratic Party","Slightly liberal","2008.09",,,,,,
47,"Very interested","Independent","I will definitely vote","Undecided","Neither","Moderate middle of the road","2008.09",,,,,,
51,"Slightly interested","Independent","I don't know whether or not I will vote","Would not vote","Neither","Moderate middle of the road","2008.09",,,,,,
17,"Somewhat interested","Independent","I will definitely vote","Definitely Barack Obama","Republican Party","Slightly conservative","2008.09",,,,,,
52,"Slightly interested","Democrat","Not eligible to vote","Definitely Barack Obama","Strong Democrat","Moderate middle of the road","2008.09",,,,,,
29,"Slightly interested","Independent","I will most likely vote","Undecided","Republican Party","Moderate middle of the road","2008.09",,,,,,
40,"Slightly interested","Democrat","I will definitely vote","Definitely Barack Obama","Strong Democrat","Liberal","2008.09",,,,,,
50,"Somewhat interested","Independent","I will most likely vote","Probably Barack Obama","Democratic Party","Liberal","2008.09",,,,,,
9,"Very interested","Member of another party","I will definitely vote","Definitely Barack Obama","Democratic Party","Extremely liberal","2008.09",,,,,,
7,"Somewhat interested","Democrat","I will most likely vote","Definitely Barack Obama","Strong Democrat","Liberal","2008.09",,,,,,
69,"Not at all interested","Democrat","I will most likely not vote","Definitely Barack Obama","Not very strong Democrat","Liberal","2008.09",,,,,,
44,"Somewhat interested","Democrat","I will definitely vote","Probably Barack Obama","Strong Democrat","Liberal","2008.09",,,,,,
27,"Not at all interested","Independent","I don't know whether or not I will vote","Other candidate","Democratic Party","Liberal","2008.09",,,,,,
66,"Somewhat interested","Democrat","I will definitely vote","Definitely Barack Obama","Strong Democrat","Extremely liberal","2008.09",,,,,,
67,"Very interested","Democrat","I will definitely vote","Definitely Barack Obama","Strong Democrat","Extremely liberal","2008.09",,,,,,
64,"Somewhat interested","Democrat","I will definitely vote","Definitely Barack Obama","Strong Democrat","Extremely liberal","2008.09",,,,,,
6,"Somewhat interested","Democrat","I will definitely vote","Definitely Barack Obama","Strong Democrat","Extremely liberal","2008.09",,,,,,
19,"Somewhat interested","Democrat","I will definitely vote","Definitely Barack Obama","Strong Democrat","Liberal","2008.09",,,,,,
30,"Somewhat interested","Democrat","I will definitely vote","Definitely Barack Obama","Strong Democrat","Liberal","2008.09",,,,,,
71,"Not at all interested","Democrat","I will definitely not vote","Definitely Barack Obama","Not very strong Democrat","Liberal","2008.09",,,,,,
1,"Slightly interested","Democrat","I will definitely vote","Probably Barack Obama","Strong Democrat","Liberal","2008.09",,,,,,
46,"Slightly interested","Democrat","I will most likely vote","Definitely Barack Obama","Strong Democrat","Extremely liberal","2008.09",,,,,,
35,"Very interested","Democrat","I will most likely vote","Definitely Barack Obama","Strong Democrat","Slightly liberal","2008.09",,,,,,
32,"Not at all interested","Democrat","I don't know whether or not I will vote","Undecided","Not very strong Democrat","Moderate middle of the road","2008.09",,,,,,
53,"Very interested","Member of another party","I will definitely vote","Other candidate","Republican Party","Liberal","2008.09",,,,,,
14,"Very interested","Independent","I will most likely not vote","Probably Barack Obama","Neither","Moderate middle of the road","2008.09",,,,,,
25,"Somewhat interested","Independent","I will most likely not vote","Would not vote","Neither","Slightly liberal","2008.09",,,,,,
61,"Somewhat interested","Democrat","I will definitely vote","Definitely Barack Obama","Strong Democrat","Liberal","2008.09",,,,,,
33,"Slightly interested","Democrat","I will definitely not vote","Probably Barack Obama","Not very strong Democrat","Liberal","2008.09",,,,,,
60,"Slightly interested","Republican","I will most likely vote","Probably John McCain","Not very strong Republican","Slightly conservative","2008.09",,,,,,
48,"Somewhat interested","Democrat","I will most likely vote","Definitely Barack Obama","Strong Democrat","Liberal","2008.09",,,,,,
41,"Not at all interested","Democrat","I will definitely not vote","Undecided","Not very strong Democrat","Liberal","2008.09",,,,,,
38,"Very interested","Independent","I will definitely vote","Undecided","Republican Party","Slightly conservative","2008.09",,,,,,
28,"Slightly interested","Independent","I will definitely vote","Probably Barack Obama","Democratic Party","Liberal","2008.09",,,,,,
26,"Slightly interested","Democrat","I will definitely vote","Definitely Barack Obama","Strong Democrat","Extremely liberal","2008.09",,,,,,
10,"Slightly interested","Democrat","I will most likely vote","Definitely Barack Obama","Not very strong Democrat","Liberal","2008.09",,,,,,
22,"Somewhat interested","Republican","I will definitely vote","Probably Barack Obama","Not very strong Republican","Extremely conservative","2008.09",,,,,,
65,"Very interested","Democrat","I will definitely vote","Definitely Barack Obama","Not very strong Democrat","Liberal","2008.09",,,,,,
18,"Somewhat interested","Democrat","I will most likely vote","Definitely Barack Obama","Strong Democrat","Liberal","2008.09",,,,,,
54,"Very interested","Independent","Not eligible to vote","Probably Barack Obama","Democratic Party","Slightly liberal","2008.09",,,,,,
2,"Not at all interested","Member of another party","I don't know whether or not I will vote","Other candidate","Democratic Party","Liberal","2008.09",,,,,,
56,"Very interested","Democrat","I will definitely vote","Definitely Barack Obama","Strong Democrat","Extremely liberal","2008.09",,,,,,
5,"Very interested","Independent","I will most likely not vote","Definitely Barack Obama","Democratic Party","Slightly liberal","2008.09",,,,,,
20,"Very interested","Democrat","I will definitely vote","Definitely Barack Obama","Strong Democrat","Liberal","2008.09",,,,,,
57,"Not at all interested","Democrat","Not eligible to vote","Definitely Barack Obama","Not very strong Democrat","Liberal","2008.09",,,,,,
58,"Somewhat interested","Democrat","I don't know whether or not I will vote","Definitely Barack Obama","Not very strong Democrat","Liberal","2008.09",,,,,,
62,"Somewhat interested","Democrat","I will most likely vote","Definitely Barack Obama","Not very strong Democrat","Liberal","2008.09",,,,,,
31,"Somewhat interested","Democrat","I will most likely vote","Probably Barack Obama","Not very strong Democrat","Slightly liberal","2008.09",,,,,,
4,"Somewhat interested","Democrat","Not eligible to vote","Definitely Barack Obama","Strong Democrat","Liberal","2008.09",,,,,,
68,"Very interested","Democrat","I will definitely vote","Definitely Barack Obama","Strong Democrat","Extremely liberal","2008.09",,,,,,
42,"Very interested","Independent","I will most likely vote","Probably Barack Obama","Democratic Party","Moderate middle of the road","2008.09",,,,,,
24,"Somewhat interested","Democrat","Not eligible to vote","Definitely Barack Obama","Strong Democrat","Liberal","2008.09",,,,,,
45,"Slightly interested","Independent","Not eligible to vote","Definitely Barack Obama","Democratic Party","Liberal","2008.09",,,,,,
70,"Slightly interested","Democrat","Not eligible to vote","Definitely Barack Obama","Not very strong Democrat","Liberal","2008.09",,,,,,
23,"Very interested","Independent","I will definitely vote","Definitely Barack Obama","Democratic Party","Slightly liberal","2008.09",,,,,,
8,"Somewhat interested","Democrat","I will most likely vote","Undecided","Not very strong Democrat","Moderate middle of the road","2008.09",,,,,,
43,"Slightly interested","Independent","Not eligible to vote","Probably Barack Obama","Democratic Party","Extremely liberal","2008.09",,,,,,
34,"Somewhat interested","Independent","I will most likely vote","Probably Barack Obama","Democratic Party","Slightly liberal","2008.09",,,,,,
13,"Slightly interested","Independent","Not eligible to vote","Probably Barack Obama","Democratic Party","Slightly liberal","2008.09",,,,,,
49,"Not at all interested",,"I don't know whether or not I will vote","Probably Barack Obama",,"Liberal","2008.09",,,,,,
16,"Slightly interested","Democrat","I will definitely vote","Definitely Barack Obama","Strong Democrat","Liberal","2008.09",,,,,,
3,"Not at all interested","Democrat","I will most likely vote","Definitely Barack Obama","Not very strong Democrat","Slightly liberal","2008.09",,,,,,
12,"Slightly interested","Independent","I will definitely vote","Definitely Barack Obama","Democratic Party","Slightly liberal","2008.09",,,,,,
15,"Somewhat interested","Member of another party","I will most likely not vote","Would not vote","Neither","Moderate middle of the road","2008.09",,,,,,
74,"Somewhat interested","Democrat","I will definitely vote","Definitely Barack Obama","Not very strong Democrat","Liberal","2008.09",,,,,,
9,"Very interested","Independent","I will definitely vote","Definitely Barack Obama",,,"2008.10",,,,,,
10,"Slightly interested","Democrat","I will most likely vote","Definitely Barack Obama",,,"2008.10",,,,,,
47,"Very interested","Independent","I will definitely vote","Definitely Barack Obama",,,"2008.10",,,,,,
58,"Somewhat interested","Democrat","I will most likely not vote","Definitely Barack Obama",,,"2008.10",,,,,,
36,"Not at all interested","Republican","I don't know whether or not I will vote","Definitely John McCain",,,"2008.10",,,,,,
30,"Very interested","Democrat","I will definitely vote","Definitely Barack Obama",,,"2008.10",,,,,,
56,"Very interested","Democrat","I will definitely vote","Definitely Barack Obama",,,"2008.10",,,,,,
28,"Very interested","Democrat","I will definitely vote","Definitely Barack Obama",,,"2008.10",,,,,,
60,"Somewhat interested","Democrat","I will definitely not vote","Definitely Barack Obama",,,"2008.10",,,,,,
32,"Slightly interested","Democrat","Not eligible to vote","Probably Barack Obama",,,"2008.10",,,,,,
25,"Very interested","Independent","I will most likely not vote","Probably Barack Obama",,,"2008.10",,,,,,
49,"Slightly interested","Democrat","I will definitely vote","Definitely Barack Obama",,,"2008.10",,,,,,
29,"Slightly interested","Independent","I will most likely vote","Undecided",,,"2008.10",,,,,,
35,"Very interested","Democrat","I will definitely vote","Definitely Barack Obama",,,"2008.10",,,,,,
45,"Somewhat interested","Independent","Not eligible to vote","Definitely Barack Obama",,,"2008.10",,,,,,
7,"Somewhat interested","Democrat","I don't know whether or not I will vote","Definitely Barack Obama",,,"2008.10",,,,,,
13,"Slightly interested","Independent","Not eligible to vote","Definitely Barack Obama",,,"2008.10",,,,,,
11,"Not at all interested","Independent","I will definitely not vote","Other candidate",,,"2008.10",,,,,,
65,"Very interested","Democrat","I will definitely vote","Definitely Barack Obama",,,"2008.10",,,,,,
68,"Very interested","Democrat","I will most likely vote","Definitely Barack Obama",,,"2008.10",,,,,,
72,"Very interested","Democrat","I will definitely vote","Definitely Barack Obama",,,"2008.10",,,,,,
64,"Somewhat interested","Democrat","I will definitely vote","Definitely Barack Obama",,,"2008.10",,,,,,
20,"Very interested","Democrat","I will definitely vote","Definitely Barack Obama",,,"2008.10",,,,,,
69,"Not at all interested","Democrat","I will most likely not vote","Probably Barack Obama",,,"2008.10",,,,,,
37,"Slightly interested","Democrat","I will most likely not vote","Probably John McCain",,,"2008.10",,,,,,
40,"Slightly interested","Democrat","I will definitely vote","Definitely Barack Obama",,,"2008.10",,,,,,
54,"Very interested","Democrat","Not eligible to vote","Would not vote",,,"2008.10",,,,,,
1,"Somewhat interested","Independent","I will definitely vote","Definitely Barack Obama",,,"2008.10",,,,,,
31,"Slightly interested","Democrat","I will definitely not vote","Probably Barack Obama",,,"2008.10",,,,,,
22,"Very interested","Republican","I will definitely vote","Probably Barack Obama",,,"2008.10",,,,,,
38,"Very interested","Independent","I don't know whether or not I will vote","Probably Barack Obama",,,"2008.10",,,,,,
41,"Not at all interested","Democrat","I will most likely not vote","Probably Barack Obama",,,"2008.10",,,,,,
24,"Slightly interested","Democrat","Not eligible to vote","Definitely Barack Obama",,,"2008.10",,,,,,
48,"Somewhat interested","Democrat","I will definitely vote","Definitely Barack Obama",,,"2008.10",,,,,,
53,"Very interested","Independent","I will definitely vote","Definitely John McCain",,,"2008.10",,,,,,
50,"Not at all interested","Member of another party","Not eligible to vote","Would not vote",,,"2008.10",,,,,,
14,"Very interested","Independent","I will most likely not vote","Probably Barack Obama",,,"2008.10",,,,,,
12,"Slightly interested","Independent","I will most likely vote","Definitely Barack Obama",,,"2008.10",,,,,,
66,"Somewhat interested","Democrat","I will definitely vote","Definitely Barack Obama",,,"2008.10",,,,,,
61,"Somewhat interested","Democrat","I will definitely vote","Definitely Barack Obama",,,"2008.10",,,,,,
2,"Not at all interested","Independent","I will definitely vote","Other candidate",,,"2008.10",,,,,,
16,"Very interested","Democrat","I will definitely vote","Definitely Barack Obama",,,"2008.10",,,,,,
33,"Slightly interested","Independent","I will definitely not vote","Definitely Barack Obama",,,"2008.10",,,,,,
34,"Somewhat interested","Independent","I will most likely not vote","Probably Barack Obama",,,"2008.10",,,,,,
57,"Slightly interested","Democrat","Not eligible to vote","Definitely Barack Obama",,,"2008.10",,,,,,
44,"Somewhat interested","Democrat","I will definitely vote","Definitely Barack Obama",,,"2008.10",,,,,,
18,"Very interested","Democrat","I will definitely vote","Definitely Barack Obama",,,"2008.10",,,,,,
23,"Very interested","Independent","I will definitely vote","Definitely Barack Obama",,,"2008.10",,,,,,
52,"Somewhat interested","Democrat","Not eligible to vote","Definitely Barack Obama",,,"2008.10",,,,,,
46,"Somewhat interested","Democrat","I will definitely vote","Definitely Barack Obama",,,"2008.10",,,,,,
5,"Somewhat interested","Independent","I will most likely not vote","Definitely Barack Obama",,,"2008.10",,,,,,
21,"Slightly interested","Republican","I will definitely not vote","Probably John McCain",,,"2008.10",,,,,,
15,"Somewhat interested","Member of another party","I don't know whether or not I will vote","Undecided",,,"2008.10",,,,,,
59,"Somewhat interested","Independent","I will definitely vote","Probably Barack Obama",,,"2008.10",,,,,,
63,"Very interested","Republican","I will definitely vote","Definitely John McCain",,,"2008.10",,,,,,
19,"Somewhat interested","Democrat","I will definitely vote","Definitely Barack Obama",,,"2008.10",,,,,,
26,"Somewhat interested","Democrat","I will definitely vote","Definitely Barack Obama",,,"2008.10",,,,,,
4,"Somewhat interested","Democrat","Not eligible to vote","Definitely Barack Obama",,,"2008.10",,,,,,
43,"Slightly interested","Independent","Not eligible to vote","Probably Barack Obama",,,"2008.10",,,,,,
70,"Slightly interested","Independent","Not eligible to vote","Definitely Barack Obama",,,"2008.10",,,,,,
71,"Not at all interested","Democrat","I will definitely not vote","Definitely Barack Obama",,,"2008.10",,,,,,
8,"Very interested","Democrat","I will definitely vote","Definitely Barack Obama",,,"2008.10",,,,,,
67,"Very interested","Democrat","I will definitely vote","Definitely Barack Obama",,,"2008.10",,,,,,
62,"Somewhat interested","Democrat","I will definitely vote","Definitely Barack Obama",,,"2008.10",,,,,,
50,"Somewhat interested","Independent",,,"Democratic Party","Moderate middle of the road","2008.11","I thought about voting- but didn't","John McCain",,,,
63,"Very interested","Republican",,,"Not very strong Republican","Moderate middle of the road","2008.11","I voted in this presidential election",,"John McCain",,,
7,"Somewhat interested","Democrat",,,"Strong Democrat","Liberal","2008.11","I voted in this presidential election",,"Barack Obama",,,
36,"Slightly interested","Republican",,,"Strong Republican","Conservative","2008.11","I wasn't interested and didn't vote in this election","John McCain",,,,
6,"Very interested","Democrat",,,"Strong Democrat","Extremely liberal","2008.11","I wanted to vote but could not due to logistical reason","Barack Obama",,,,
74,"Somewhat interested","Democrat",,,"Strong Democrat","Liberal","2008.11","I voted in this presidential election",,"Barack Obama",,,
37,"Slightly interested","Democrat",,,"Not very strong Democrat","Extremely liberal","2008.11","I wanted to vote but could not due to logistical reason","Would not have voted for any candidate",,,,
51,"Slightly interested","Independent",,,"Democratic Party","Slightly liberal","2008.11","I wanted to vote but could not due to logistical reason","Did not vote",,,,
31,"Somewhat interested","Democrat",,,"Not very strong Democrat","Slightly liberal","2008.11","I thought about voting- but didn't","Barack Obama",,,,
33,"Slightly interested","Independent",,,"Democratic Party","Slightly liberal","2008.11","I thought about voting- but didn't","Barack Obama",,,,
28,"Somewhat interested","Democrat",,,"Not very strong Democrat","Slightly liberal","2008.11","I voted in this presidential election",,"Barack Obama",,,
64,"Somewhat interested","Democrat",,,"Strong Democrat","Liberal","2008.11","I voted in this presidential election",,"Barack Obama",,,
10,"Slightly interested","Democrat",,,"Not very strong Democrat","Liberal","2008.11","I voted in this presidential election",,"Barack Obama",,,
29,"Slightly interested","Independent",,,"Republican Party","Moderate middle of the road","2008.11","I voted in this presidential election",,"Other candidate",,,
21,"Slightly interested","Republican",,,"Not very strong Republican","Slightly conservative","2008.11","I wanted to vote but could not due to logistical reason","John McCain",,,,
26,"Slightly interested","Democrat",,,"Strong Democrat","Liberal","2008.11","I voted in this presidential election",,"Barack Obama",,,
69,"Not at all interested","Democrat",,,"Not very strong Democrat","Liberal","2008.11","I wasn't interested and didn't vote in this election","Barack Obama",,,,
11,"Slightly interested","Democrat",,,"Not very strong Democrat","Moderate middle of the road","2008.11","I thought about voting- but didn't","Other candidate",,,,
65,"Very interested","Democrat",,,"Strong Democrat","Liberal","2008.11","I voted in this presidential election",,"Barack Obama",,,
57,"Somewhat interested","Democrat",,,"Strong Democrat","Liberal","2008.11","I was not eligible to vote  ","Barack Obama",,,,
13,"Somewhat interested","Independent",,,"Democratic Party","Slightly liberal","2008.11","I was not eligible to vote  ","Other candidate",,,,
53,"Very interested","Independent",,,"Republican Party","Liberal","2008.11","I voted in this presidential election",,"John McCain",,,
14,"Somewhat interested","Independent",,,"Republican Party","Moderate middle of the road","2008.11","I thought about voting- but didn't","Barack Obama",,,,
15,"Somewhat interested","Member of another party",,,"Neither","Moderate middle of the road","2008.11","I wanted to vote but could not due to logistical reason","Did not vote",,,,
1,"Somewhat interested","Independent",,,"Democratic Party","Liberal","2008.11","I voted in this presidential election",,"Barack Obama",,,
47,"Very interested","Independent",,,"Democratic Party","Moderate middle of the road","2008.11","I voted in this presidential election",,"Barack Obama",,,
52,"Somewhat interested","Independent",,,"Democratic Party","Moderate middle of the road","2008.11","I was not eligible to vote  ","Barack Obama",,,,
3,"Not at all interested","Democrat",,,"Not very strong Democrat","Liberal","2008.11","I voted in this presidential election",,"Barack Obama",,,
12,"Somewhat interested","Independent",,,"Neither","Slightly liberal","2008.11","I voted in this presidential election",,"Barack Obama",,,
45,"Somewhat interested","Independent",,,"Democratic Party","Liberal","2008.11","I was not eligible to vote  ","Barack Obama",,,,
16,,"Democrat",,,"Strong Democrat","Extremely liberal","2008.11","I voted in this presidential election",,"Barack Obama",,,
66,"Somewhat interested","Democrat",,,"Strong Democrat","Liberal","2008.11","I voted in this presidential election",,"Barack Obama",,,
40,"Slightly interested","Democrat",,,"Strong Democrat","Liberal","2008.11","I voted in this presidential election",,"Barack Obama",,,
67,"Very interested","Democrat",,,"Strong Democrat","Liberal","2008.11","I voted in this presidential election",,"Barack Obama",,,
59,"Somewhat interested","Independent",,,"Democratic Party","Slightly liberal","2008.11","I voted in this presidential election",,"Barack Obama",,,
71,"Not at all interested","Independent",,,"Democratic Party","Liberal","2008.11","I wasn't interested and didn't vote in this election","Barack Obama",,,,
9,"Very interested","Independent",,,"Democratic Party","Extremely liberal","2008.11","I voted in this presidential election",,"Barack Obama",,,
30,"Somewhat interested","Democrat",,,"Strong Democrat","Liberal","2008.11","I voted in this presidential election",,"Barack Obama",,,
32,"Slightly interested","Democrat",,,"Not very strong Democrat","Liberal","2008.11","I wanted to vote but could not due to logistical reason","Barack Obama",,,,
2,"Not at all interested","Independent",,,"Democratic Party","Liberal","2008.11","I voted in this presidential election",,"Other candidate",,,
20,"Very interested","Democrat",,,"Strong Democrat","Extremely liberal","2008.11","I voted in this presidential election",,"Barack Obama",,,
23,"Very interested","Independent",,,"Democratic Party","Slightly liberal","2008.11","I voted in this presidential election",,"Barack Obama",,,
25,"Somewhat interested","Independent",,,"Neither","Slightly liberal","2008.11","I wasn't interested and didn't vote in this election","Would not have voted for any candidate",,,,
60,"Somewhat interested","Democrat",,,"Not very strong Democrat","Moderate middle of the road","2008.11","I wanted to vote but could not due to logistical reason","Barack Obama",,,,
41,"Slightly interested","Democrat",,,"Not very strong Democrat","Liberal","2008.11","I wasn't interested and didn't vote in this election","Barack Obama",,,,
24,"Somewhat interested","Democrat",,,"Strong Democrat","Liberal","2008.11","I was not eligible to vote  ","Barack Obama",,,,
48,"Somewhat interested","Democrat",,,"Strong Democrat","Liberal","2008.11","I voted in this presidential election",,"Barack Obama",,,
42,"Very interested","Independent",,,"Democratic Party","Moderate middle of the road","2008.11","I wanted to vote but could not due to logistical reason","Barack Obama",,,,
18,"Very interested","Democrat",,,"Strong Democrat","Slightly liberal","2008.11","I voted in this presidential election",,"Barack Obama",,,
62,"Somewhat interested","Democrat",,,"Strong Democrat","Liberal","2008.11","I voted in this presidential election",,"Barack Obama",,,
4,"Somewhat interested","Democrat",,,"Strong Democrat","Liberal","2008.11","I was not eligible to vote  ","Barack Obama",,,,
19,"Somewhat interested","Democrat",,,"Not very strong Democrat","Liberal","2008.11","I voted in this presidential election",,"Barack Obama",,,
38,"Very interested","Independent",,,"Republican Party","Slightly conservative","2008.11","I wanted to vote but could not due to logistical reason","Barack Obama",,,,
68,"Somewhat interested","Democrat",,,"Strong Democrat","Extremely liberal","2008.11","I voted in this presidential election",,"Barack Obama",,,
61,"Somewhat interested","Democrat",,,"Strong Democrat","Liberal","2008.11","I voted in this presidential election",,"Barack Obama",,,
22,"Very interested","Republican",,,"Not very strong Republican","Conservative","2008.11","I voted in this presidential election",,"Barack Obama",,,
70,"Slightly interested","Democrat",,,"Not very strong Democrat","Liberal","2008.11","I was not eligible to vote  ","Barack Obama",,,,
34,"Somewhat interested","Independent",,,"Democratic Party","Slightly liberal","2008.11","I wanted to vote but could not due to logistical reason","Barack Obama",,,,
44,"Somewhat interested","Democrat",,,"Strong Democrat","Liberal","2008.11","I voted in this presidential election",,"Barack Obama",,,
46,"Somewhat interested","Democrat",,,"Strong Democrat","Liberal","2008.11","I voted in this presidential election",,"Barack Obama",,,
54,"Very interested","Independent",,,"Democratic Party","Moderate middle of the road","2008.11","I was not eligible to vote  ","Barack Obama",,,,
43,"Slightly interested","Independent",,,"Neither","Liberal","2008.11","I was not eligible to vote  ","Barack Obama",,,,
35,"Very interested","Democrat",,,"Not very strong Democrat","Slightly liberal","2008.11","I voted in this presidential election",,"Barack Obama",,,
8,"Somewhat interested","Democrat",,,"Not very strong Democrat","Slightly liberal","2008.11","I voted in this presidential election",,"Barack Obama",,,
72,"Very interested","Democrat",,,"Strong Democrat","Liberal","2008.11","I voted in this presidential election",,"Barack Obama",,,
5,"Somewhat interested","Independent",,,"Democratic Party","Liberal","2008.11","I thought about voting- but didn't","Barack Obama",,,,
58,"Slightly interested","Democrat",,,"Strong Democrat","Slightly liberal","2008.11","I voted in this presidential election",,"Barack Obama",,,
56,"Very interested","Democrat",,,"Strong Democrat","Liberal","2008.11","I voted in this presidential election",,"Barack Obama",,,
71,"Not at all interested",,,,,,"2008.12",,,,,,
47,"Very interested",,,,,,"2008.12",,,,,,
9,"Very interested",,,,,,"2008.12",,,,,,
56,"Somewhat interested",,,,,,"2008.12",,,,,,
6,"Very interested",,,,,,"2008.12",,,,,,
59,"Somewhat interested",,,,,,"2008.12",,,,,,
55,"Very interested",,,,,,"2008.12",,,,,,
29,"Slightly interested",,,,,,"2008.12",,,,,,
7,"Somewhat interested",,,,,,"2008.12",,,,,,
25,"Somewhat interested",,,,,,"2008.12",,,,,,
36,"Slightly interested",,,,,,"2008.12",,,,,,
31,"Somewhat interested",,,,,,"2008.12",,,,,,
26,"Slightly interested",,,,,,"2008.12",,,,,,
72,"Very interested",,,,,,"2008.12",,,,,,
30,"Somewhat interested",,,,,,"2008.12",,,,,,
51,"Slightly interested",,,,,,"2008.12",,,,,,
63,"Very interested",,,,,,"2008.12",,,,,,
27,"Slightly interested",,,,,,"2008.12",,,,,,
21,"Somewhat interested",,,,,,"2008.12",,,,,,
43,"Slightly interested",,,,,,"2008.12",,,,,,
4,"Somewhat interested",,,,,,"2008.12",,,,,,
69,"Not at all interested",,,,,,"2008.12",,,,,,
15,"Somewhat interested",,,,,,"2008.12",,,,,,
16,"Somewhat interested",,,,,,"2008.12",,,,,,
11,"Not at all interested",,,,,,"2008.12",,,,,,
37,"Slightly interested",,,,,,"2008.12",,,,,,
1,"Somewhat interested",,,,,,"2008.12",,,,,,
49,"Not at all interested",,,,,,"2008.12",,,,,,
12,"Slightly interested",,,,,,"2008.12",,,,,,
64,"Somewhat interested",,,,,,"2008.12",,,,,,
35,"Very interested",,,,,,"2008.12",,,,,,
38,"Very interested",,,,,,"2008.12",,,,,,
22,"Very interested",,,,,,"2008.12",,,,,,
48,"Somewhat interested",,,,,,"2008.12",,,,,,
40,"Slightly interested",,,,,,"2008.12",,,,,,
41,"Slightly interested",,,,,,"2008.12",,,,,,
66,"Slightly interested",,,,,,"2008.12",,,,,,
62,"Slightly interested",,,,,,"2008.12",,,,,,
44,"Somewhat interested",,,,,,"2008.12",,,,,,
61,"Somewhat interested",,,,,,"2008.12",,,,,,
57,"Not at all interested",,,,,,"2008.12",,,,,,
32,"Slightly interested",,,,,,"2008.12",,,,,,
14,"Slightly interested",,,,,,"2008.12",,,,,,
54,"Very interested",,,,,,"2008.12",,,,,,
68,"Very interested",,,,,,"2008.12",,,,,,
67,"Very interested",,,,,,"2008.12",,,,,,
8,"Somewhat interested",,,,,,"2008.12",,,,,,
18,"Somewhat interested",,,,,,"2008.12",,,,,,
20,"Very interested",,,,,,"2008.12",,,,,,
2,"Slightly interested",,,,,,"2008.12",,,,,,
10,"Slightly interested",,,,,,"2008.12",,,,,,
60,"Slightly interested",,,,,,"2008.12",,,,,,
45,"Somewhat interested",,,,,,"2008.12",,,,,,
34,"Slightly interested",,,,,,"2008.12",,,,,,
46,"Somewhat interested",,,,,,"2008.12",,,,,,
52,"Somewhat interested",,,,,,"2008.12",,,,,,
28,"Slightly interested",,,,,,"2008.12",,,,,,
33,"Slightly interested",,,,,,"2008.12",,,,,,
24,"Somewhat interested",,,,,,"2008.12",,,,,,
58,"Slightly interested",,,,,,"2008.12",,,,,,
23,"Somewhat interested",,,,,,"2008.12",,,,,,
70,"Slightly interested",,,,,,"2008.12",,,,,,
3,"Slightly interested",,,,,,"2008.12",,,,,,
5,"Somewhat interested",,,,,,"2008.12",,,,,,
42,"Very interested",,,,,,"2008.12",,,,,,
65,"Very interested",,,,,,"2008.12",,,,,,
55,"Very interested",,,,,,"2009.03",,,,"Strongly Disapprove","Strongly Disapprove","Slightly Disapprove"
6,"Somewhat interested",,,,,,"2009.03",,,,"Slightly Approve","Don't Know","Slightly Approve"
29,"Slightly interested",,,,,,"2009.03",,,,"Don't Know","Don't Know","Don't Know"
58,"Slightly interested",,,,,,"2009.03",,,,"Strongly Approve","Don't Know","Strongly Approve"
47,"Very interested",,,,,,"2009.03",,,,"Slightly Disapprove","Strongly Disapprove","Slightly Disapprove"
49,"Not at all interested",,,,,,"2009.03",,,,"Don't Know","Don't Know","Don't Know"
65,"Very interested",,,,,,"2009.03",,,,"Slightly Approve","Slightly Approve","Slightly Approve"
68,"Somewhat interested",,,,,,"2009.03",,,,"Don't Know","Slightly Disapprove","Don't Know"
9,"Very interested",,,,,,"2009.03",,,,"Strongly Approve","Strongly Disapprove","Strongly Approve"
11,"Not at all interested",,,,,,"2009.03",,,,"Don't Know","Don't Know","Don't Know"
5,"Somewhat interested",,,,,,"2009.03",,,,"Don't Know","Don't Know","Don't Know"
4,"Somewhat interested",,,,,,"2009.03",,,,"Strongly Approve","Don't Know","Don't Know"
72,"Very interested",,,,,,"2009.03",,,,"Strongly Approve","Slightly Disapprove","Strongly Disapprove"
60,"Slightly interested",,,,,,"2009.03",,,,"Strongly Approve","Slightly Approve","Strongly Approve"
35,"Somewhat interested",,,,,,"2009.03",,,,"Slightly Approve","Don't Know","Slightly Approve"
38,"Somewhat interested",,,,,,"2009.03",,,,"Slightly Approve","Slightly Disapprove","Don't Know"
36,"Slightly interested",,,,,,"2009.03",,,,"Don't Know","Don't Know","Don't Know"
15,"Somewhat interested",,,,,,"2009.03",,,,"Slightly Approve","Don't Know","Don't Know"
31,"Somewhat interested",,,,,,"2009.03",,,,"Slightly Approve","Slightly Approve","Slightly Approve"
23,"Very interested",,,,,,"2009.03",,,,"Slightly Approve","Slightly Approve","Slightly Approve"
16,"Slightly interested",,,,,,"2009.03",,,,"Strongly Approve","Slightly Approve","Slightly Approve"
33,"Slightly interested",,,,,,"2009.03",,,,"Don't Know","Don't Know","Don't Know"
21,"Somewhat interested",,,,,,"2009.03",,,,"Don't Know","Don't Know","Don't Know"
76,"Very interested",,,,,,"2009.03",,,,"Don't Know","Slightly Approve","Don't Know"
14,"Slightly interested",,,,,,"2009.03",,,,"Slightly Approve","Slightly Approve","Slightly Approve"
54,"Somewhat interested",,,,,,"2009.03",,,,"Slightly Approve","Slightly Approve","Slightly Approve"
80,"Slightly interested",,,,,,"2009.03",,,,"Don't Know","Don't Know","Don't Know"
42,"Very interested",,,,,,"2009.03",,,,"Slightly Approve","Don't Know","Slightly Approve"
22,"Very interested",,,,,,"2009.03",,,,"Strongly Approve","Slightly Disapprove","Slightly Disapprove"
64,"Somewhat interested",,,,,,"2009.03",,,,"Slightly Approve","Slightly Approve","Slightly Disapprove"
61,"Somewhat interested",,,,,,"2009.03",,,,"Strongly Approve","Slightly Approve","Slightly Approve"
56,"Very interested",,,,,,"2009.03",,,,"Strongly Approve","Slightly Disapprove","Strongly Approve"
1,"Slightly interested",,,,,,"2009.03",,,,"Don't Know","Don't Know","Slightly Disapprove"
71,"Not at all interested",,,,,,"2009.03",,,,"Don't Know","Don't Know","Don't Know"
20,"Very interested",,,,,,"2009.03",,,,"Slightly Approve","Slightly Disapprove","Slightly Approve"
69,"Not at all interested",,,,,,"2009.03",,,,"Don't Know","Don't Know","Don't Know"
67,"Very interested",,,,,,"2009.03",,,,"Strongly Approve","Slightly Approve","Slightly Approve"
40,"Slightly interested",,,,,,"2009.03",,,,"Slightly Approve","Don't Know","Slightly Approve"
34,"Slightly interested",,,,,,"2009.03",,,,"Don't Know","Slightly Disapprove","Don't Know"
12,"Slightly interested",,,,,,"2009.03",,,,"Don't Know","Don't Know","Don't Know"
2,"Not at all interested",,,,,,"2009.03",,,,"Don't Know","Don't Know","Don't Know"
24,"Somewhat interested",,,,,,"2009.03",,,,"Slightly Approve","Slightly Approve","Slightly Approve"
52,"Somewhat interested",,,,,,"2009.03",,,,"Strongly Approve","Don't Know","Strongly Approve"
45,"Slightly interested",,,,,,"2009.03",,,,"Don't Know","Don't Know","Don't Know"
28,"Somewhat interested",,,,,,"2009.03",,,,"Slightly Approve","Strongly Disapprove","Slightly Disapprove"
37,"Slightly interested",,,,,,"2009.03",,,,"Don't Know","Don't Know","Don't Know"
43,"Somewhat interested",,,,,,"2009.03",,,,"Don't Know","Don't Know","Don't Know"
62,"Not at all interested",,,,,,"2009.03",,,,"Don't Know","Don't Know","Don't Know"
57,"Not at all interested",,,,,,"2009.03",,,,"Don't Know","Don't Know","Don't Know"
75,"Not at all interested",,,,,,"2009.03",,,,"Don't Know","Don't Know","Don't Know"
77,"Not at all interested",,,,,,"2009.03",,,,"Don't Know","Don't Know","Don't Know"
48,"Somewhat interested",,,,,,"2009.03",,,,"Strongly Approve","Slightly Approve","Slightly Approve"
10,"Slightly interested",,,,,,"2009.03",,,,"Don't Know","Don't Know","Don't Know"
46,"Slightly interested",,,,,,"2009.03",,,,"Don't Know","Don't Know","Don't Know"
79,"Very interested",,,,,,"2009.03",,,,"Slightly Disapprove","Slightly Disapprove","Strongly Disapprove"
59,"Slightly interested",,,,,,"2009.03",,,,"Don't Know","Don't Know","Don't Know"
26,"Slightly interested",,,,,,"2009.03",,,,"Don't Know","Don't Know","Don't Know"
44,"Somewhat interested",,,,,,"2009.03",,,,"Don't Know","Don't Know","Don't Know"
18,"Somewhat interested",,,,,,"2009.03",,,,"Don't Know","Don't Know","Don't Know"
8,"Somewhat interested",,,,,,"2009.03",,,,"Slightly Approve","Slightly Disapprove","Slightly Disapprove"
70,"Slightly interested",,,,,,"2009.03",,,,"Don't Know","Don't Know","Don't Know"
7,"Somewhat interested",,,,,,"2009.04",,,,"Slightly Approve","Don't Know","Strongly Approve"
47,"Very interested",,,,,,"2009.04",,,,"Slightly Disapprove","Strongly Disapprove","Slightly Disapprove"
66,"Somewhat interested",,,,,,"2009.04",,,,"Strongly Approve","Slightly Approve","Slightly Approve"
78,"Slightly interested",,,,,,"2009.04",,,,"Don't Know","Don't Know","Don't Know"
31,"Somewhat interested",,,,,,"2009.04",,,,"Slightly Approve","Slightly Approve","Strongly Approve"
37,"Slightly interested",,,,,,"2009.04",,,,"Don't Know","Don't Know","Don't Know"
63,"No Answer",,,,,,"2009.04",,,,"No Answer","No Answer","No Answer"
43,"Somewhat interested",,,,,,"2009.04",,,,"Don't Know","Don't Know","Don't Know"
30,"Very interested",,,,,,"2009.04",,,,"Strongly Approve","Slightly Approve","Slightly Approve"
21,"Somewhat interested",,,,,,"2009.04",,,,"Don't Know","Don't Know","Don't Know"
29,"Slightly interested",,,,,,"2009.04",,,,"Don't Know","Don't Know","Don't Know"
56,"Somewhat interested",,,,,,"2009.04",,,,"Slightly Approve","Slightly Approve","Strongly Approve"
14,"Slightly interested",,,,,,"2009.04",,,,"Slightly Approve","Slightly Approve","Slightly Approve"
11,"Not at all interested",,,,,,"2009.04",,,,"Don't Know","Don't Know","Don't Know"
40,"Slightly interested",,,,,,"2009.04",,,,"Slightly Approve","Don't Know","Don't Know"
27,"Not at all interested",,,,,,"2009.04",,,,"Strongly Approve","Slightly Approve","Strongly Approve"
23,"Very interested",,,,,,"2009.04",,,,"Slightly Approve","Slightly Approve","Slightly Approve"
45,"Slightly interested",,,,,,"2009.04",,,,"Slightly Approve","Don't Know","Don't Know"
57,"Not at all interested",,,,,,"2009.04",,,,"Don't Know","Don't Know","Don't Know"
68,"Somewhat interested",,,,,,"2009.04",,,,"Don't Know","Slightly Disapprove","Slightly Disapprove"
77,"Slightly interested",,,,,,"2009.04",,,,"Don't Know","Don't Know","Don't Know"
6,"Somewhat interested",,,,,,"2009.04",,,,"Don't Know","Don't Know","Don't Know"
54,"Somewhat interested",,,,,,"2009.04",,,,"Slightly Approve","Slightly Disapprove","Slightly Approve"
69,"Not at all interested",,,,,,"2009.04",,,,"Don't Know","Don't Know","Don't Know"
76,"Very interested",,,,,,"2009.04",,,,"Slightly Approve","Don't Know","Slightly Approve"
44,"Somewhat interested",,,,,,"2009.04",,,,"Slightly Approve","Don't Know","Don't Know"
58,"Not at all interested",,,,,,"2009.04",,,,"Strongly Approve","Don't Know","Strongly Approve"
60,"Slightly interested",,,,,,"2009.04",,,,"Strongly Approve","Slightly Approve","Slightly Approve"
22,"Somewhat interested",,,,,,"2009.04",,,,"Strongly Approve","Don't Know","Don't Know"
61,"Somewhat interested",,,,,,"2009.04",,,,"Strongly Approve","Slightly Approve","Slightly Approve"
9,"Very interested",,,,,,"2009.04",,,,"Slightly Approve","Slightly Disapprove","Strongly Approve"
79,"Very interested",,,,,,"2009.04",,,,"Slightly Disapprove","Strongly Disapprove","Slightly Disapprove"
5,"Somewhat interested",,,,,,"2009.04",,,,"Don't Know","Don't Know","Don't Know"
28,"Slightly interested",,,,,,"2009.04",,,,"Strongly Approve","Don't Know","Slightly Disapprove"
71,"Not at all interested",,,,,,"2009.04",,,,"Don't Know","Don't Know","Don't Know"
24,"Slightly interested",,,,,,"2009.04",,,,"Don't Know","Don't Know","Don't Know"
15,"Slightly interested",,,,,,"2009.04",,,,"Slightly Approve","Slightly Approve","Slightly Approve"
49,"Not at all interested",,,,,,"2009.04",,,,"Don't Know","Don't Know","Don't Know"
72,"Very interested",,,,,,"2009.04",,,,"Slightly Approve","Slightly Disapprove","Strongly Disapprove"
55,"Very interested",,,,,,"2009.04",,,,"Slightly Disapprove","Strongly Disapprove","Strongly Disapprove"
59,"Slightly interested",,,,,,"2009.04",,,,"Don't Know","Don't Know","Don't Know"
10,"Slightly interested",,,,,,"2009.04",,,,"Don't Know","Don't Know","Don't Know"
75,"Not at all interested",,,,,,"2009.04",,,,"Don't Know","Don't Know","Don't Know"
33,"Slightly interested",,,,,,"2009.04",,,,"Don't Know","Don't Know","Don't Know"
70,"Not at all interested",,,,,,"2009.04",,,,"Don't Know","Don't Know","Don't Know"
52,"Slightly interested",,,,,,"2009.04",,,,"Strongly Approve","Don't Know","Strongly Approve"
46,"Slightly interested",,,,,,"2009.04",,,,"Don't Know","Don't Know","Don't Know"
48,"Very interested",,,,,,"2009.04",,,,"Strongly Approve","Slightly Approve","Slightly Approve"
2,"Not at all interested",,,,,,"2009.04",,,,"Don't Know","Don't Know","Don't Know"
4,"Slightly interested",,,,,,"2009.04",,,,"Don't Know","Don't Know","Don't Know"
62,"Not at all interested",,,,,,"2009.04",,,,"Don't Know","Don't Know","Slightly Approve"
64,"Somewhat interested",,,,,,"2009.04",,,,"Slightly Approve","Don't Know","Slightly Disapprove"
12,"Not at all interested",,,,,,"2009.04",,,,"Don't Know","Don't Know","Don't Know"
20,"Very interested",,,,,,"2009.04",,,,"Slightly Approve","Slightly Disapprove","Slightly Approve"
1,"Slightly interested",,,,,,"2009.04",,,,"Don't Know","Slightly Disapprove","Don't Know"
8,"Somewhat interested",,,,,,"2009.04",,,,"Slightly Disapprove","Slightly Disapprove","Slightly Approve"
42,"Somewhat interested",,,,,,"2009.04",,,,"Slightly Disapprove","Don't Know","Slightly Approve"
80,"Slightly interested",,,,,,"2009.04",,,,"Don't Know","Don't Know","Don't Know"
67,"Very interested",,,,,,"2009.04",,,,"Strongly Approve","Slightly Approve","Slightly Approve"
65,"Very interested",,,,,,"2009.04",,,,"Slightly Approve","Slightly Approve","Slightly Approve"
34,"Slightly interested",,,,,,"2009.04",,,,"Don't Know","Slightly Disapprove","Don't Know"
35,"Somewhat interested",,,,,,"2009.04",,,,"Don't Know","Don't Know","Slightly Approve"
26,"Somewhat interested",,,,,,"2009.04",,,,"Don't Know","Don't Know","Don't Know"
7,"Somewhat interested",,,,,,"2009.06",,,,"Strongly Approve","Don't Know","Strongly Approve"
36,"Not at all interested",,,,,,"2009.06",,,,"Don't Know","Don't Know","Don't Know"
49,"Slightly interested",,,,,,"2009.06",,,,"Don't Know","Don't Know","Don't Know"
6,"Somewhat interested",,,,,,"2009.06",,,,"Slightly Approve","Don't Know","Slightly Approve"
11,"Not at all interested",,,,,,"2009.06",,,,"Don't Know","Don't Know","Don't Know"
43,"Somewhat interested",,,,,,"2009.06",,,,"Don't Know","Don't Know","Don't Know"
52,"Slightly interested",,,,,,"2009.06",,,,"Strongly Approve","Don't Know","Strongly Approve"
29,"Slightly interested",,,,,,"2009.06",,,,"Don't Know","Don't Know","Don't Know"
47,"Very interested",,,,,,"2009.06",,,,"Slightly Disapprove","Strongly Disapprove","Strongly Disapprove"
9,"Very interested",,,,,,"2009.06",,,,"Slightly Approve","Slightly Disapprove","Slightly Approve"
63,"No Answer",,,,,,"2009.06",,,,"No Answer","No Answer","No Answer"
37,"Slightly interested",,,,,,"2009.06",,,,"Don't Know","Don't Know","Don't Know"
79,"Very interested",,,,,,"2009.06",,,,"Slightly Disapprove","Slightly Disapprove","Slightly Disapprove"
72,"Very interested",,,,,,"2009.06",,,,"Slightly Approve","Strongly Disapprove","Strongly Disapprove"
77,"Not at all interested",,,,,,"2009.06",,,,"Don't Know","Don't Know","Don't Know"
27,"Not at all interested",,,,,,"2009.06",,,,"Strongly Approve","Slightly Disapprove","Slightly Approve"
40,"Slightly interested",,,,,,"2009.06",,,,"Don't Know","Don't Know","Don't Know"
31,"Somewhat interested",,,,,,"2009.06",,,,"Slightly Approve","Slightly Approve","Slightly Approve"
45,"Slightly interested",,,,,,"2009.06",,,,"Don't Know","Don't Know","Don't Know"
61,"Somewhat interested",,,,,,"2009.06",,,,"Strongly Approve","Slightly Approve","Slightly Approve"
44,"Somewhat interested",,,,,,"2009.06",,,,"Don't Know","Don't Know","Don't Know"
28,"Somewhat interested",,,,,,"2009.06",,,,"Slightly Disapprove","Don't Know","Don't Know"
62,"Not at all interested",,,,,,"2009.06",,,,"Slightly Approve","Slightly Disapprove","Don't Know"
26,"Slightly interested",,,,,,"2009.06",,,,"Slightly Approve","Don't Know","Don't Know"
60,"Somewhat interested",,,,,,"2009.06",,,,"Slightly Approve","Slightly Approve","Slightly Approve"
22,"Somewhat interested",,,,,,"2009.06",,,,"Strongly Approve","Don't Know","Don't Know"
69,"Not at all interested",,,,,,"2009.06",,,,"Don't Know","Don't Know","Don't Know"
64,"Somewhat interested",,,,,,"2009.06",,,,"Slightly Approve","Don't Know","Don't Know"
33,"Not at all interested",,,,,,"2009.06",,,,"Don't Know","Don't Know","Don't Know"
12,"Not at all interested",,,,,,"2009.06",,,,"Don't Know","Don't Know","Don't Know"
67,"Very interested",,,,,,"2009.06",,,,"Strongly Approve","Slightly Approve","Strongly Approve"
34,"Not at all interested",,,,,,"2009.06",,,,"Don't Know","Slightly Disapprove","Don't Know"
76,"Very interested",,,,,,"2009.06",,,,"Slightly Approve","Don't Know","Slightly Approve"
70,"Not at all interested",,,,,,"2009.06",,,,"Don't Know","Don't Know","Don't Know"
14,"Slightly interested",,,,,,"2009.06",,,,"Slightly Approve","Slightly Approve","Slightly Approve"
1,"Somewhat interested",,,,,,"2009.06",,,,"Slightly Approve","Don't Know","Slightly Approve"
56,"Very interested",,,,,,"2009.06",,,,"Strongly Approve","Don't Know","Strongly Approve"
15,"Slightly interested",,,,,,"2009.06",,,,"Slightly Approve","Don't Know","Slightly Approve"
57,"Not at all interested",,,,,,"2009.06",,,,"Don't Know","Don't Know","Don't Know"
2,"Not at all interested",,,,,,"2009.06",,,,"Don't Know","Don't Know","Don't Know"
35,"Somewhat interested",,,,,,"2009.06",,,,"Don't Know","Don't Know","Slightly Approve"
23,"Very interested",,,,,,"2009.06",,,,"Slightly Approve","Slightly Approve","Slightly Approve"
59,"Slightly interested",,,,,,"2009.06",,,,"Don't Know","Don't Know","Don't Know"
46,"Not at all interested",,,,,,"2009.06",,,,"Don't Know","Don't Know","Don't Know"
8,"Slightly interested",,,,,,"2009.06",,,,"Slightly Approve","Slightly Disapprove","Slightly Disapprove"
42,"No Answer",,,,,,"2009.06",,,,"Don't Know","Slightly Disapprove","Don't Know"
4,"Somewhat interested",,,,,,"2009.06",,,,"Slightly Approve","Don't Know","Slightly Approve"
80,"Slightly interested",,,,,,"2009.06",,,,"Don't Know","Don't Know","Don't Know"
54,"Very interested",,,,,,"2009.06",,,,"Slightly Approve","Slightly Disapprove","Slightly Approve"
68,"Somewhat interested",,,,,,"2009.06",,,,"Slightly Approve","Slightly Disapprove","Don't Know"
5,"Somewhat interested",,,,,,"2009.06",,,,"Don't Know","Don't Know","Don't Know"
75,"Not at all interested",,,,,,"2009.06",,,,"Don't Know","Don't Know","Don't Know"
10,"Slightly interested",,,,,,"2009.06",,,,"Don't Know","Don't Know","Don't Know"
20,"Very interested",,,,,,"2009.06",,,,"Slightly Approve","Slightly Approve","Slightly Approve"
58,"Slightly interested",,,,,,"2009.06",,,,"Strongly Approve","Don't Know","Strongly Approve"
21,"Somewhat interested",,,,,,"2009.06",,,,"Don't Know","Don't Know","Don't Know"
48,"Not at all interested",,,,,,"2009.06",,,,"Don't Know","Don't Know","Don't Know"
24,"Somewhat interested",,,,,,"2009.06",,,,"Don't Know","Don't Know","Don't Know"
66,"Somewhat interested",,,,,,"2009.06",,,,"Slightly Approve","Slightly Approve","Slightly Approve"
65,"Very interested",,,,,,"2009.06",,,,"Slightly Approve","Don't Know","Slightly Approve"
71,"Not at all interested",,,,,,"2009.06",,,,"Don't Know","Don't Know","Don't Know"
